employee_id,first_name,last_name,date_of_birth,job_title,department,salary
1,Didi,Ogglebie,12/10/1986,Tax Accountant,Finance,54569.17
2,Robyn,Reding,5/10/1979,Administrative Assistant I,Sales,40561.92
3,Lelia,Garstang,10/11/1986,Paralegal,Finance,17023.31
4,Wadsworth,Tineman,6/25/1986,Design Engineer,Marketing,47627.6
5,Bjorn,Haggus,8/7/1969,Account Executive,Marketing,83432.75
6,Killie,Marriner,5/31/1998,Design Engineer,Finance,
7,Amitie,Bottrell,4/23/1977,Systems Administrator III,IT,56115.64
8,Pepe,Shellcross,9/10/1996,Clinical Specialist,Finance,69721.02
9,Peyter,Reynalds,9/12/1953,Associate Professor,Sales,30907.22
10,Hali,MacKissack,7/28/1958,Budget/Accounting Analyst IV,Marketing,13130.18
11,Tremaine,Harbron,8/17/1977,Civil Engineer,Marketing,1201.72
12,Lena,Balf,12/2/1952,Chemical Engineer,Finance,31220.45
13,Norry,Baulch,1/23/1972,Statistician II,IT,
14,Ashla,Hinchon,12/22/1960,Sales Representative,Sales,81616.95
15,Donnell,Dunster,3/12/1958,Civil Engineer,HR,84573.49
16,Sara,Taffurelli,12/1/1979,Staff Scientist,IT,36069.35
17,Ingeberg,Semrad,8/25/1990,Social Worker,Marketing,26784.18
18,Ania,Franzel,6/15/1953,VP Sales,Finance,10882.06
19,Rudyard,O'Spellissey,9/26/1952,Financial Advisor,HR,83088.99
20,Maribel,Ianne,9/7/1976,Desktop Support Technician,HR,19475.66
21,Logan,Blakden,10/22/1974,Software Engineer II,Marketing,68677.47
22,Lucienne,Andreoletti,9/6/1999,Executive Secretary,Finance,87162.48
23,Helga,Syfax,12/30/1956,Marketing Manager,HR,56607.9
24,Kerrill,De Filippis,4/22/1954,Administrative Officer,Finance,20133.79
25,Nichole,Nunson,7/8/1958,Chief Design Engineer,Marketing,
26,Danya,McElhargy,1/21/1995,Assistant Media Planner,HR,69925.49
27,Pru,Leckey,9/22/1956,Geologist I,IT,69537.03
28,Cymbre,Beat,6/25/1962,Senior Financial Analyst,IT,74525.22
29,Morty,Fardell,11/21/1983,Librarian,IT,
30,Axe,Sharp,5/28/1983,Accounting Assistant IV,Sales,61455.12
31,Grazia,Schukraft,5/7/1983,Environmental Tech,IT,21579.89
32,Eleonore,Portinari,6/18/1967,Product Engineer,IT,11249.34
33,Karola,Parnell,9/18/1990,Senior Cost Accountant,HR,86481.18
34,Anatol,Dohms,9/19/1987,Occupational Therapist,Sales,13917.96
35,Sander,Millin,7/22/1987,Systems Administrator II,Marketing,34686.37
36,Domingo,Jiranek,7/25/1964,Quality Engineer,Marketing,31106.86
37,Karisa,Zambon,1/21/1965,Staff Accountant IV,Finance,68457.48
38,Wynn,Southouse,1/31/1983,Marketing Assistant,Marketing,30088.94
39,Bryce,Viney,3/29/1969,Project Manager,IT,55598.11
40,Cele,Quilliam,10/31/1984,Payment Adjustment Coordinator,Sales,62145.38
41,Michel,McKall,5/15/1990,Project Manager,Sales,10605.37
42,Finley,Kliner,4/24/1964,VP Accounting,Sales,95806.19
43,Lisbeth,Blinco,2/18/1956,Structural Engineer,Finance,49223.37
44,Glenna,Brownsworth,5/8/1953,Operator,IT,91462.51
45,Tiffi,Thorrington,5/26/1993,Mechanical Systems Engineer,Finance,69357.29
46,Wald,Ortells,11/22/1995,Editor,Sales,
47,Cecile,Visick,10/30/1986,Senior Sales Associate,Marketing,14905.92
48,Norton,Esselin,4/28/1972,Social Worker,Finance,
49,Eada,Stiles,8/22/1966,Design Engineer,Sales,44067.39
50,Dale,Drayn,4/12/1985,Professor,HR,35469.61
51,Shandy,Ferre,3/10/1997,VP Quality Control,Finance,
52,Germaine,Laraway,6/21/1983,Automation Specialist IV,Sales,51061.81
53,Evelyn,McKibbin,12/4/1980,Financial Analyst,Finance,10592.24
54,Sheila-kathryn,Cana,7/21/1961,Account Representative III,IT,63579.0
55,Bartram,Ainscow,11/29/1960,Research Nurse,IT,39575.27
56,Emilie,Gauche,11/25/1997,Mechanical Systems Engineer,HR,
57,Emilee,Jentzsch,8/13/1985,GIS Technical Architect,IT,86009.4
58,Honey,Blois,1/15/1970,Human Resources Assistant IV,HR,41225.07
59,Lem,Drinkhill,10/6/1956,Graphic Designer,Finance,87496.35
60,Alena,Raggatt,4/10/1972,Compensation Analyst,Sales,7720.36
61,Margaretta,Newcomb,8/30/1995,Speech Pathologist,Finance,9986.87
62,Clemmie,Wikey,6/11/1966,Registered Nurse,IT,68168.08
63,Kalila,Arblaster,8/27/1980,Assistant Media Planner,IT,
64,Marrissa,Tomasicchio,1/3/1992,Geologist IV,HR,57675.87
65,Adriana,Foulks,5/8/1991,Statistician I,Marketing,80044.52
66,Ashly,Camellini,6/19/1997,Mechanical Systems Engineer,Sales,59897.26
67,Matelda,Hender,2/16/1969,Junior Executive,Sales,26599.91
68,Ruperto,Fearneley,6/25/1975,Information Systems Manager,Sales,
69,Rhodia,Nehl,3/16/1990,Staff Scientist,Finance,64883.12
70,Adham,Dellenbroker,1/3/1997,Engineer I,Marketing,38094.48
71,Natividad,Welbelove,11/20/1967,Quality Control Specialist,Finance,88324.09
72,Dale,Stoakes,5/13/1997,Quality Control Specialist,Finance,87677.88
73,Dyann,Alvin,2/10/1996,Assistant Media Planner,Sales,24342.28
74,Anabelle,Steels,11/18/1980,Software Consultant,Marketing,27149.91
75,Antone,Collelton,5/2/1983,Design Engineer,IT,48687.5
76,Jedediah,Regglar,11/19/1953,Developer III,IT,88024.73
77,Deane,Smeal,3/11/1993,Legal Assistant,IT,20980.72
78,Tabitha,Bendelow,11/11/1995,Health Coach I,IT,6757.33
79,Ogdon,Chsteney,6/2/1953,Design Engineer,Marketing,94062.47
80,Natale,Speakman,1/31/1998,Senior Editor,IT,63902.9
81,Zach,Readwing,12/17/1980,Electrical Engineer,Sales,52542.56
82,Elden,Balls,5/18/1960,Administrative Officer,Marketing,80532.43
83,Merry,Brownbill,12/23/1990,Compensation Analyst,Finance,15533.14
84,Shanda,Postance,4/13/1997,Graphic Designer,HR,27037.92
85,Nevil,Coote,9/25/1983,Mechanical Systems Engineer,Sales,59868.94
86,Cary,Clendinning,11/23/1963,Recruiting Manager,Finance,39187.0
87,Doyle,Spoerl,3/19/1951,Sales Representative,Marketing,96285.86
88,Wain,Davidovicz,7/21/1982,Accounting Assistant III,Sales,72131.93
89,Elaine,Gelardi,2/29/1988,Administrative Officer,Sales,69755.03
90,Flori,Dallaghan,6/30/1991,Research Associate,HR,
91,Wilmar,Beange,4/24/1982,Electrical Engineer,Sales,76979.11
92,Rriocard,Cook,5/26/1978,Director of Sales,Sales,7654.26
93,Garvey,Giacovelli,1/12/1959,Budget/Accounting Analyst I,IT,58792.75
94,Jaimie,Ridesdale,9/4/1971,Health Coach I,Finance,65699.86
95,Derril,Speechly,8/1/1953,Occupational Therapist,IT,40927.61
96,Paulita,Lerway,9/27/1952,Automation Specialist I,Finance,42284.33
97,Ashleigh,Mansel,8/17/1953,Internal Auditor,Finance,92167.68
98,Zonnya,Bletcher,12/1/1963,Account Executive,IT,12660.92
99,Shela,O' Bee,12/27/1961,Account Executive,Finance,87617.53
100,Emyle,Dockree,10/12/1971,Account Representative I,HR,43512.73
101,Ludwig,Lawlings,7/3/1957,Environmental Tech,Sales,5889.36
102,Lyndell,Rivallant,9/6/1978,Clinical Specialist,Sales,32562.62
103,Lisette,Harriott,12/8/1989,Office Assistant II,Marketing,43258.56
104,Rand,Rudsdell,9/7/1997,Staff Accountant I,Sales,85517.17
105,Westley,Mead,8/10/1994,Data Coordinator,HR,48054.12
106,Joyce,Parcells,10/18/1964,Marketing Manager,Marketing,10556.79
107,Lura,Dragon,7/28/1998,Editor,IT,25051.7
108,Iolanthe,Leates,3/4/1978,Community Outreach Specialist,IT,68888.92
109,Berrie,MacLardie,10/28/1973,VP Quality Control,HR,60109.81
110,Minnnie,Tenaunt,2/27/1970,Nurse Practicioner,Marketing,36127.42
111,Molly,Loisi,10/6/1975,Operator,Sales,
112,Tiebold,Kemmons,10/6/1950,Budget/Accounting Analyst IV,Finance,16965.57
113,Chiquia,Dunkirk,12/11/1986,Professor,Marketing,8223.95
114,Car,Ashley,2/17/1961,Senior Quality Engineer,HR,49979.24
115,Marrilee,Spurrier,3/29/1953,Sales Representative,Sales,18909.44
116,Zechariah,Bottell,3/12/1961,Environmental Tech,Finance,7083.03
117,Giselle,Renihan,6/13/1985,Community Outreach Specialist,IT,92470.57
118,Iormina,Orrett,7/16/1986,Editor,Sales,23057.52
119,Iain,Fryatt,12/9/1961,Quality Control Specialist,IT,19179.57
120,Clarita,Carrell,10/6/1999,Research Nurse,Finance,19426.18
121,Hashim,Miranda,12/17/1963,Registered Nurse,Finance,69692.43
122,Jeramey,Tournie,5/28/1956,VP Sales,HR,92056.09
123,Flynn,Simister,8/15/1963,Safety Technician I,Marketing,54987.12
124,Mendie,MacLleese,10/6/1994,Software Engineer I,HR,
125,Denise,Overill,9/9/1984,Information Systems Manager,IT,
126,Colly,Elger,1/22/1975,Account Executive,IT,45076.54
127,Marcel,Moorrud,7/18/1955,Librarian,IT,27791.6
128,Burgess,Labrow,9/6/1962,Physical Therapy Assistant,Sales,48984.67
129,Robena,Nisen,4/18/1992,Media Manager III,Marketing,70450.02
130,Alfy,Pook,5/17/1981,VP Quality Control,Marketing,67477.16
131,Ulrick,Pacher,1/1/1978,Research Assistant IV,Finance,4423.48
132,Jean,Coslett,12/29/1988,Senior Financial Analyst,IT,92211.41
133,Astrid,Guppie,11/18/1998,Senior Cost Accountant,HR,91433.14
134,Mattie,Trownson,8/10/1961,Help Desk Technician,Marketing,18610.45
135,Sharlene,Grimditch,2/23/1997,Librarian,Marketing,71631.12
136,Yasmeen,Leverington,1/12/1997,Automation Specialist II,HR,80750.82
137,Wilone,Phelip,2/28/1962,Engineer I,Marketing,19488.63
138,Eddy,Tumber,3/23/1981,Statistician II,IT,44765.49
139,Ree,Plante,4/9/1983,Nurse Practicioner,Marketing,86979.29
140,Tommie,Huke,1/22/1976,Structural Analysis Engineer,HR,
141,Ailina,Plumstead,10/1/1957,Staff Scientist,Finance,71862.75
142,Benita,Trussell,3/14/1959,Occupational Therapist,IT,51125.67
143,Erin,Sheal,5/15/1959,Engineer I,Sales,34563.74
144,Rowena,Boyda,9/26/1980,Professor,Marketing,33162.33
145,Elwira,Bennion,4/25/1972,Chemical Engineer,Sales,68580.52
146,Rosalind,Loalday,5/1/1991,Data Coordinator,Finance,
147,Modestia,Galego,11/23/1950,Engineer I,Marketing,92450.23
148,Anneliese,Ibarra,10/10/1981,Quality Engineer,Sales,
149,Noellyn,McSorley,8/16/1996,Computer Systems Analyst III,Finance,99532.49
150,Erwin,Paynton,2/12/1995,Information Systems Manager,Sales,1228.06
151,Casey,Firebrace,7/17/1999,Chief Design Engineer,IT,16726.86
152,Julissa,Sayton,11/11/1950,Nuclear Power Engineer,IT,24034.03
153,Roselle,Stiller,7/31/1953,Accountant II,IT,58374.13
154,Gerard,Cosham,9/23/1991,Financial Advisor,Marketing,34668.33
155,Stephenie,Cranmor,8/27/1966,Junior Executive,HR,98149.83
156,Fritz,Hymus,9/10/1980,Quality Control Specialist,IT,66109.18
157,Maximilianus,Sweett,7/2/1957,Financial Analyst,Finance,
158,Winni,Mitcham,3/21/1997,Food Chemist,IT,58726.44
159,Tallou,De Meyer,3/2/1994,Legal Assistant,Sales,95600.63
160,Drucie,Shoebrook,3/6/1960,Developer I,HR,60147.82
161,Rafaelita,Salzburger,6/25/1984,Structural Analysis Engineer,IT,38712.74
162,Celisse,Satterlee,11/1/1978,Actuary,IT,90718.89
163,Kaiser,Tarney,11/5/1964,Web Designer I,Marketing,63884.57
164,Heywood,Peddar,8/10/1971,Software Consultant,HR,66465.58
165,Luca,Pauletto,5/31/1995,Geological Engineer,IT,31819.49
166,Evin,Londesborough,12/21/1975,Research Assistant I,IT,82152.17
167,Barrie,Rollingson,11/21/1968,Mechanical Systems Engineer,Sales,33147.71
168,Philis,Eskrick,5/14/1978,Web Designer II,IT,86528.3
169,Mack,Quig,2/27/1971,Biostatistician III,Sales,97417.08
170,Robinetta,McCulloch,11/9/1950,Accountant IV,HR,
171,Clo,Dzeniskevich,11/23/1962,Compensation Analyst,HR,41811.07
172,Cecilla,Tingcomb,2/14/1972,Quality Control Specialist,Marketing,11978.92
173,Horatio,Coats,6/27/1958,Analyst Programmer,IT,28952.18
174,Crichton,Basire,6/7/1954,Safety Technician II,HR,37722.52
175,Berri,Cappineer,8/24/1972,Structural Analysis Engineer,IT,67376.73
176,Cornela,Popworth,6/14/1993,Assistant Manager,Marketing,62710.53
177,Sergei,Hassent,9/8/1985,Research Assistant I,HR,12837.05
178,Dido,Yakunchikov,4/17/1989,Budget/Accounting Analyst I,HR,11271.95
179,Lolly,Raiker,9/12/1997,Recruiter,Sales,62697.28
180,Denis,Dono,9/4/1994,Business Systems Development Analyst,IT,88556.81
181,Roddie,Shawyer,7/9/1977,Actuary,Finance,76750.81
182,Sloan,Geistbeck,9/6/1960,Account Representative III,Sales,84240.33
183,Eloisa,Bawden,7/1/1975,Executive Secretary,Finance,1249.62
184,Berton,Lushey,2/8/1999,GIS Technical Architect,Marketing,58815.34
185,Marleen,Olliffe,8/3/1987,Project Manager,Finance,
186,Barnard,McGebenay,2/5/1968,VP Accounting,IT,
187,Celka,Cinnamond,11/28/1954,Clinical Specialist,IT,36666.22
188,Jemima,Borthwick,8/3/1968,Analog Circuit Design manager,Sales,35583.63
189,Eilis,Proback,5/9/1966,Librarian,HR,72684.5
190,Evered,Brunnstein,4/7/1953,VP Quality Control,IT,31972.97
191,Henryetta,Stranio,11/2/1974,Analog Circuit Design manager,HR,56528.76
192,Jabez,Seccombe,11/15/1984,Speech Pathologist,Finance,19343.55
193,Galvin,Robard,9/20/1982,Software Test Engineer III,Sales,3110.94
194,Jennilee,Lauderdale,6/2/1957,Marketing Assistant,HR,1362.93
195,Sydney,Kilcoyne,8/21/1975,Environmental Tech,IT,6037.39
196,Katy,Sellwood,2/23/1961,Nurse Practicioner,Sales,5416.5
197,Irv,Hindsberg,8/3/1996,Compensation Analyst,IT,93559.57
198,Ciel,Garretts,1/1/1991,Structural Engineer,IT,3940.72
199,Sly,Maxweell,10/2/1977,Programmer Analyst IV,Marketing,95515.36
200,Charla,Larrie,1/8/1951,Operator,Finance,95762.81
201,Abramo,Hyman,12/6/1962,Developer IV,IT,6136.13
202,Corby,Rafferty,10/1/1981,VP Quality Control,Finance,77381.48
203,Tuckie,Cloke,10/24/1982,VP Quality Control,Finance,87422.92
204,Terry,Lacoste,12/26/1985,Assistant Media Planner,HR,7653.81
205,Harlie,Stollenwerck,11/16/1982,Compensation Analyst,IT,47956.63
206,Fredrick,Boole,6/17/1985,Statistician III,Sales,92102.44
207,Sky,Guidera,9/10/1994,Research Associate,IT,20434.23
208,Geri,Di Carlo,9/29/1959,Technical Writer,HR,
209,Karin,Feary,8/3/1975,Civil Engineer,Marketing,73943.56
210,Thomasina,Jakaway,4/21/1959,Librarian,Sales,79839.82
211,Annie,Paulsson,10/20/1969,Web Designer I,Marketing,88578.07
212,Octavia,Bielby,8/5/1967,Staff Accountant I,HR,49326.51
213,Darsey,Eleshenar,9/4/1985,Health Coach IV,IT,32618.52
214,Karlotte,Dowbekin,11/8/1952,Nurse Practicioner,IT,66753.32
215,Grayce,Ramshaw,4/20/1954,Geologist II,Sales,35949.26
216,Kari,Moreno,3/30/1959,Assistant Media Planner,Sales,56874.32
217,Ailbert,Brayfield,3/25/1982,Assistant Professor,IT,92404.39
218,Patrice,Balfour,2/7/1960,Analog Circuit Design manager,Marketing,
219,Kimball,Olenin,11/26/1978,Media Manager II,Sales,31921.09
220,Vilhelmina,Skingley,1/9/1977,Financial Advisor,Finance,90738.95
221,Fernandina,Courtese,4/7/1955,Programmer Analyst III,Sales,82681.67
222,Terrance,Rodie,12/7/1985,Recruiter,IT,11648.68
223,Morgen,Kenrat,2/19/1961,Information Systems Manager,Finance,76545.94
224,Lindon,Pretor,9/19/1999,Assistant Media Planner,Finance,
225,Norbert,Ebbett,10/29/1967,Speech Pathologist,IT,91358.35
226,Cirillo,Dimblebee,4/13/1978,Community Outreach Specialist,Marketing,13539.84
227,Simona,Greet,2/11/1965,Account Executive,IT,35279.81
228,Letitia,Bassom,8/4/1992,Biostatistician III,Marketing,1332.75
229,Ferdinand,Summers,5/3/1976,Nurse Practicioner,Sales,66992.5
230,Arne,Foulks,3/29/1967,Structural Analysis Engineer,HR,39921.38
231,Thomasine,Gyver,3/25/1979,Occupational Therapist,Finance,34534.51
232,Glynn,Foxworthy,5/19/1975,Nurse,IT,33111.79
233,Tessie,Purry,6/7/1975,Web Designer III,HR,99434.22
234,Olive,Gallie,10/15/1969,Assistant Professor,Marketing,15374.22
235,Marcelo,Zold,4/5/1984,Information Systems Manager,Marketing,46490.86
236,Ruthi,Redmain,12/27/1988,Programmer Analyst I,Marketing,5725.23
237,Cris,Spincks,8/25/1991,Desktop Support Technician,Sales,83668.28
238,Jonathan,Karpushkin,1/15/1983,Structural Analysis Engineer,IT,
239,Janie,Chevis,2/14/1970,Project Manager,HR,7267.69
240,Shell,Rablan,6/29/1976,Structural Engineer,IT,50469.7
241,Lula,Edmonson,9/20/1973,Editor,Finance,39365.4
242,Dennison,Biasetti,5/25/1966,Editor,HR,3113.58
243,Roz,Chiplen,5/14/1969,Environmental Tech,IT,9808.84
244,Clem,Shubotham,3/5/1965,Financial Advisor,Sales,73990.74
245,Cheryl,Kinneir,7/26/1981,Environmental Specialist,Sales,35923.85
246,Andrus,Bierton,3/9/1953,Dental Hygienist,Finance,
247,Raeann,Tredgold,11/19/1958,Quality Control Specialist,Marketing,39669.87
248,Jeralee,Scawton,9/13/1985,Mechanical Systems Engineer,HR,46968.14
249,Brannon,Drife,4/17/1966,Project Manager,IT,68887.37
250,Park,Gors,1/14/1989,Research Assistant IV,Sales,93910.09
251,Blancha,Latehouse,7/14/1981,Nurse Practicioner,Sales,21554.19
252,Sylvester,Mityushin,11/1/1954,Paralegal,Marketing,82581.41
253,Cort,Banford,12/28/1993,Administrative Assistant IV,Finance,11772.38
254,Tabb,Easeman,7/28/1973,Software Engineer I,Marketing,77977.91
255,Leodora,Charon,7/13/1952,Executive Secretary,Finance,27048.55
256,Hermon,Jenking,11/14/1962,Human Resources Assistant IV,Finance,
257,Margarita,Soames,11/10/1988,Executive Secretary,HR,26709.74
258,Aeriel,Crebbin,12/12/1974,Assistant Professor,Finance,7066.71
259,Fania,MacKettrick,7/30/1983,Quality Engineer,Sales,95398.03
260,Leonardo,Hamblington,8/19/1962,Help Desk Technician,Finance,18953.26
261,Berti,Austing,3/17/1955,Human Resources Manager,Marketing,84361.23
262,Jourdain,Count,7/30/1952,Geological Engineer,Marketing,34092.14
263,Bernardina,Westell,10/16/1960,General Manager,Finance,
264,Staford,Pechacek,1/7/1997,Social Worker,HR,22180.59
265,Pierre,Turmall,3/31/1980,Paralegal,HR,6038.96
266,Fred,Feasey,6/19/1956,Analyst Programmer,Finance,94509.24
267,Adore,Reeders,1/31/1979,Chief Design Engineer,Sales,7422.13
268,Libby,De Morena,6/19/1964,Quality Engineer,Marketing,69427.78
269,Ros,Vodden,8/25/1991,Compensation Analyst,IT,59229.43
270,Maire,Sollitt,6/5/1996,Cost Accountant,Marketing,39449.83
271,Illa,Mayo,2/7/1952,Technical Writer,Finance,95860.52
272,Paddy,Cressey,5/13/1996,Financial Analyst,IT,85921.92
273,Delainey,Triswell,8/13/1959,Occupational Therapist,IT,
274,Janella,Pycock,3/26/1987,Desktop Support Technician,IT,27021.49
275,Inglis,Gosson,12/25/1968,Senior Quality Engineer,IT,85511.07
276,Melanie,Higgoe,5/16/1999,Tax Accountant,HR,29491.76
277,Franklyn,Lantiffe,7/19/1957,Database Administrator II,Finance,50030.61
278,Marketa,Finlry,10/30/1995,Recruiting Manager,IT,14985.2
279,Doe,Summerlad,5/19/1954,Librarian,Finance,9210.4
280,Ike,Daingerfield,8/30/1976,Marketing Manager,IT,98609.41
281,Bunni,Havenhand,7/31/1962,Research Associate,HR,28060.8
282,Andrey,Teaser,9/12/1989,Developer III,Finance,53008.59
283,Verney,Allonby,4/2/1976,Programmer IV,IT,78508.3
284,Cleveland,Priestland,9/17/1962,Engineer IV,IT,98017.59
285,Sutherlan,Gemmill,5/1/1975,Community Outreach Specialist,Marketing,
286,Alfie,Frugier,1/3/1980,VP Sales,Finance,36631.47
287,Bambi,Eyckelberg,4/3/1993,Web Designer III,HR,40442.03
288,Aurilia,Brace,1/25/1965,Accountant IV,HR,84025.3
289,Rozele,Morhall,6/8/1980,Data Coordinator,IT,99689.08
290,Archaimbaud,Langland,1/14/1991,Quality Engineer,HR,12148.66
291,Etta,Naisbitt,3/15/1979,Speech Pathologist,IT,35635.31
292,Kelli,Martinetto,7/14/1975,Speech Pathologist,Finance,
293,Abbey,Favell,3/14/1993,Structural Analysis Engineer,HR,77876.2
294,Ignazio,Bowhey,9/10/1964,Mechanical Systems Engineer,Sales,
295,Irwinn,Karsh,6/12/1982,Nurse,Marketing,81029.55
296,Brew,Hawkey,8/17/1964,Executive Secretary,Finance,
297,Roanne,Jako,10/28/1962,VP Sales,Marketing,9276.07
298,Zondra,Spriddle,2/23/1972,Research Associate,Finance,20285.75
299,Berri,Meads,10/17/1984,Automation Specialist III,HR,23892.28
300,Efren,Astley,4/18/1976,Senior Sales Associate,Sales,44343.88
301,Auberta,St Pierre,5/9/1983,Financial Analyst,Sales,77887.57
302,Faith,Boncore,1/3/1970,Professor,Marketing,78021.3
303,Benjie,Cressor,5/31/1978,Assistant Professor,HR,
304,Antoine,Kippie,8/18/1991,Automation Specialist IV,IT,6513.61
305,Ophelie,Torritti,2/11/1968,Pharmacist,HR,
306,Selene,Denniston,9/19/1963,Structural Analysis Engineer,Marketing,55913.64
307,Greggory,Udell,8/23/1964,Web Designer II,Sales,83065.3
308,Kania,Gyngyll,11/1/1961,Food Chemist,Sales,93785.3
309,Yetty,Ducket,7/27/1964,Research Associate,Finance,
310,Bree,Sackes,3/25/1952,General Manager,Marketing,26581.85
311,Eva,Proppers,10/18/1950,Senior Editor,Finance,31527.4
312,Xaviera,Fussen,5/9/1968,Developer IV,Marketing,
313,Kissee,Friskey,10/22/1976,Product Engineer,IT,29292.91
314,Tine,Filipchikov,12/4/1998,Administrative Officer,Finance,38816.85
315,Loreen,Osburn,1/5/1956,Account Coordinator,IT,48534.66
316,Austen,Lemmers,10/3/1988,Staff Accountant II,IT,1665.48
317,Rodger,Goakes,8/12/1980,Senior Financial Analyst,Finance,
318,Debbie,Celes,8/2/1968,Nurse,Sales,47898.11
319,Dorothee,Burrells,4/5/1970,Product Engineer,Finance,
320,Brodie,Ginnaly,10/26/1991,Professor,Sales,1688.74
321,Rossy,Lavery,5/1/1971,Automation Specialist I,Finance,70698.06
322,Yuri,Rowcastle,4/30/1970,Dental Hygienist,IT,66346.19
323,Janene,Eagger,4/5/1992,Cost Accountant,IT,44049.88
324,Dominique,Frick,1/16/1951,Paralegal,Finance,42883.6
325,Vaughn,Lindholm,5/10/1953,Associate Professor,Sales,80249.55
326,Felipe,Gummer,4/23/1997,Professor,Sales,95731.71
327,Berny,Dragonette,9/11/1988,Geologist II,HR,92479.53
328,Rodger,MacQuarrie,11/9/1961,Developer I,Finance,13820.88
329,Gabbie,McIvor,2/3/1951,Safety Technician I,IT,88057.51
330,Lou,Josskovitz,9/26/1987,Database Administrator II,Finance,51404.28
331,Forest,Burnep,10/7/1994,Teacher,IT,79058.57
332,Kylila,Jarrette,7/28/1961,Budget/Accounting Analyst I,Sales,21155.37
333,Ransom,Crees,2/22/1977,VP Marketing,Sales,19446.8
334,Daria,Duerden,4/9/1963,Internal Auditor,Finance,7438.87
335,Faunie,O'Cahill,9/17/1971,Health Coach I,HR,23199.42
336,Henryetta,Burroughes,1/9/1955,Junior Executive,Marketing,55914.24
337,Agnesse,Bothie,9/13/1966,Programmer I,Sales,99059.5
338,Eimile,Patley,9/21/1967,Teacher,Marketing,51623.9
339,Bud,Oldland,11/17/1967,Web Developer III,IT,24639.11
340,Ermentrude,Carson,1/20/1956,Health Coach II,Finance,24111.92
341,Morrie,Broadway,10/14/1996,Staff Accountant II,Marketing,15480.56
342,Rem,Makeswell,12/27/1995,Database Administrator IV,Sales,79368.59
343,Daphne,Gawthorp,10/6/1988,Legal Assistant,HR,88191.28
344,Jefferson,Yacob,4/24/1983,Pharmacist,IT,56528.94
345,Chrotoem,Oxtiby,11/17/1970,Research Assistant IV,IT,20776.8
346,Lothario,McChruiter,10/30/1968,Financial Advisor,HR,88069.96
347,Karly,Tolerton,6/17/1951,Research Nurse,Sales,49859.25
348,Arliene,Meah,8/19/1974,Assistant Media Planner,HR,97219.45
349,Allyson,Brittain,9/15/1985,Financial Analyst,HR,47144.93
350,Zach,Aloway,11/21/1952,Senior Editor,Sales,19080.54
351,Ethe,Dumini,3/21/1966,Business Systems Development Analyst,Finance,51831.56
352,Bertram,Well,6/27/1965,Professor,IT,33126.95
353,Ozzie,Spaice,9/28/1952,VP Product Management,Finance,45102.69
354,Fidelio,Croizier,12/29/1973,Nurse,Finance,81024.34
355,Karla,Pighills,8/31/1999,Technical Writer,Sales,51502.0
356,Lavinie,Matura,11/4/1985,Business Systems Development Analyst,HR,28145.03
357,Gottfried,Kolczynski,2/16/1981,VP Accounting,Finance,93040.3
358,Eugenia,Deboy,2/26/1973,Quality Engineer,IT,84789.45
359,Sanson,Peachment,12/18/1966,GIS Technical Architect,HR,42469.14
360,Anabella,Favela,7/10/1951,Help Desk Technician,Finance,38428.33
361,Obediah,Goult,1/23/1972,Recruiter,Finance,49510.06
362,Allyson,Huckfield,3/11/1964,Research Nurse,Sales,27072.53
363,Basil,Feare,11/26/1977,GIS Technical Architect,Marketing,27346.87
364,Sollie,Burgon,10/21/1982,VP Marketing,Marketing,2537.53
365,Catha,Bettington,2/20/1973,Health Coach I,Sales,80048.86
366,Annemarie,Corradetti,12/27/1977,Administrative Officer,Marketing,47180.8
367,Griffie,Sillis,10/27/1966,Senior Quality Engineer,HR,6071.43
368,Cristiano,Quixley,4/25/1960,VP Quality Control,Sales,47974.54
369,Kirstin,Loftie,10/2/1951,Biostatistician II,IT,42193.56
370,Rebekkah,Van Arsdall,3/1/1980,Quality Engineer,IT,53415.52
371,Neil,Stilldale,7/30/1996,VP Product Management,Sales,2712.7
372,Clara,Weighell,11/10/1997,Structural Engineer,Marketing,5655.69
373,Lorrie,O'Hoey,12/17/1960,Compensation Analyst,HR,43967.93
374,Lynnett,Afonso,4/10/1959,Help Desk Technician,IT,
375,Brook,Hustings,12/14/1983,Clinical Specialist,HR,
376,Vale,Hearmon,3/8/1967,Graphic Designer,IT,1982.67
377,Sib,Giddons,9/30/1959,Payment Adjustment Coordinator,HR,33802.73
378,Llewellyn,Preshaw,4/4/1964,Administrative Assistant I,Sales,1600.87
379,Dorothea,Haps,12/9/1993,Quality Control Specialist,Marketing,89848.7
380,Natalina,Di Ruggiero,2/16/1972,Physical Therapy Assistant,IT,74943.24
381,Christi,Gotmann,6/9/1984,Actuary,Marketing,89774.07
382,Marve,Dooler,8/15/1980,Research Nurse,HR,13107.17
383,Ripley,Lenthall,1/7/1982,Web Designer I,Marketing,206.85
384,Alice,Verissimo,12/21/1974,Environmental Tech,IT,39544.92
385,Bucky,Conradie,3/29/1987,Assistant Media Planner,Sales,99101.59
386,Sandy,Surplice,12/3/1984,General Manager,Sales,36185.85
387,Samaria,Cronkshaw,4/9/1971,Librarian,HR,16787.81
388,Manolo,Buyers,7/25/1967,Programmer I,HR,45790.11
389,Nanete,Cambden,6/15/1993,Account Representative II,Finance,36369.82
390,Devina,Rosa,6/16/1984,Administrative Officer,HR,71715.69
391,Angie,Bagniuk,5/11/1994,Engineer II,Sales,38764.0
392,Don,Brabbs,6/23/1972,Help Desk Operator,Finance,98419.85
393,Alejoa,Rude,6/3/1975,Speech Pathologist,IT,94931.21
394,Alwin,Carbry,1/14/1986,Editor,Marketing,72370.58
395,Delly,Donaway,4/1/1957,Office Assistant III,HR,19246.45
396,Aloise,Stanyer,7/5/1982,Marketing Assistant,Finance,73883.58
397,Bond,Joiner,12/21/1974,Professor,Marketing,806.31
398,Cherise,Marsters,2/17/1957,Analyst Programmer,IT,22997.19
399,Richard,Fletcher,9/19/1979,Quality Control Specialist,Sales,23773.72
400,Ailsun,Huckin,10/25/1999,Cost Accountant,Finance,40293.27
401,Gwyneth,Tubritt,3/7/1962,Junior Executive,Marketing,36535.06
402,Bastian,Tight,10/30/1987,Project Manager,Marketing,90192.91
403,Nana,Finlay,4/4/1953,Operator,Sales,60603.22
404,Graehme,Lapidus,9/14/1961,Web Developer III,Sales,72151.44
405,Leigh,Melbert,7/1/1978,Safety Technician I,IT,52793.07
406,Portia,Bradock,12/22/1991,Account Coordinator,HR,61153.88
407,Dom,Ronchka,11/29/1950,Staff Accountant IV,Sales,80073.03
408,Ric,Blevin,11/22/1965,Desktop Support Technician,Finance,7497.03
409,Nels,Keyzor,6/2/1955,Nuclear Power Engineer,Finance,69769.16
410,Yves,Jelleman,11/10/1963,Teacher,Finance,84003.7
411,Anabella,Barfitt,11/2/1988,Geological Engineer,Finance,43214.74
412,Eba,Kornacki,2/18/1954,Electrical Engineer,IT,5657.13
413,Ricard,Petrozzi,6/25/1991,Web Designer IV,HR,84700.79
414,Silvana,Costin,3/27/1959,Librarian,Finance,19776.48
415,Job,Rapa,9/9/1996,Marketing Manager,Sales,76398.76
416,Clay,Blitz,12/19/1969,Account Representative IV,Sales,15984.93
417,Finn,Rabjohns,1/20/1986,Speech Pathologist,Marketing,29207.0
418,Denny,Casswell,6/27/1968,Staff Scientist,HR,14825.04
419,Kylynn,Finlry,8/28/1958,Programmer Analyst I,Sales,78658.91
420,Hilarius,Duckers,3/19/1975,Nuclear Power Engineer,HR,90929.12
421,Gordon,Tench,7/4/1973,Human Resources Manager,Finance,48967.88
422,Olav,Aucoate,1/9/1964,Product Engineer,Finance,19339.46
423,Clarissa,Burn,11/7/1950,Safety Technician IV,Finance,60163.02
424,Maisie,Di Claudio,8/16/1976,Nurse,Marketing,16786.68
425,Ave,Boldecke,1/17/1993,Actuary,HR,77946.87
426,Margarette,Antoinet,9/18/1991,Media Manager I,HR,96546.32
427,Chrysler,Ambrodi,4/6/1979,Speech Pathologist,Sales,
428,Zelma,Riehm,8/24/1965,Design Engineer,Sales,14493.87
429,Rikki,Stather,8/5/1996,Project Manager,IT,94475.17
430,Shermie,Entwistle,11/23/1957,Senior Cost Accountant,Finance,34923.9
431,Andros,Ferreiro,1/9/1956,Mechanical Systems Engineer,Marketing,16600.97
432,Kaleb,Bethell,8/8/1998,GIS Technical Architect,Finance,37028.96
433,Karlotta,Bryer,12/22/1972,Senior Developer,HR,41420.27
434,Aviva,I'anson,12/22/1974,Food Chemist,Sales,52159.86
435,Noell,Cosens,6/19/1977,Systems Administrator II,Finance,71121.47
436,Carlynn,Escoffier,7/31/1964,Account Representative IV,Sales,6856.31
437,Bron,Darkins,10/2/1987,Community Outreach Specialist,IT,3617.18
438,Danielle,Romera,2/9/1977,Business Systems Development Analyst,HR,36863.73
439,Delainey,Brasher,9/6/1955,Engineer I,IT,
440,Brigit,Norridge,7/4/1977,Compensation Analyst,Marketing,34713.88
441,Evangelia,Iron,4/13/1978,Internal Auditor,HR,64777.0
442,Tally,Vallow,11/28/1951,Pharmacist,Sales,78507.69
443,Jesus,Joanaud,12/29/1967,Teacher,Marketing,44744.1
444,Nigel,Filler,9/1/1967,Programmer Analyst II,Marketing,25933.59
445,Janeta,Noot,9/6/1959,Tax Accountant,Marketing,84932.57
446,Tremaine,Christiensen,10/10/1966,Marketing Manager,IT,
447,Keary,Downage,9/12/1961,Technical Writer,Finance,
448,Camille,Loffel,5/14/1961,Human Resources Manager,Sales,40792.34
449,Ashia,Grime,8/19/1969,Business Systems Development Analyst,HR,42200.27
450,Luigi,Attoe,12/16/1958,Database Administrator II,Finance,99521.93
451,Karita,Hobson,2/20/1960,Compensation Analyst,IT,89973.14
452,Muffin,Crepin,9/16/1961,Tax Accountant,Sales,
453,Adolpho,Curror,6/26/1990,Senior Quality Engineer,Marketing,6956.39
454,Winona,Weall,10/24/1966,VP Sales,IT,90784.09
455,Carrol,Pietzker,10/8/1961,Research Associate,Finance,51093.77
456,Caryn,Sims,11/16/1980,Structural Analysis Engineer,Sales,54774.9
457,Jorge,Gooderick,3/3/1968,Programmer II,Marketing,5518.9
458,Felicdad,Jeens,6/7/1974,VP Sales,HR,41761.22
459,Whitby,Haburne,1/17/1981,Assistant Media Planner,IT,39849.38
460,Leonerd,Ellen,5/28/1979,Engineer II,Finance,72108.53
461,Kellen,Tapley,1/30/1971,Recruiting Manager,Sales,87560.8
462,Gypsy,Slott,2/19/1970,Software Test Engineer III,Finance,64094.38
463,Trumaine,Lanchbury,11/2/1973,VP Sales,IT,32839.62
464,Ethelyn,Toffano,7/3/1987,Registered Nurse,HR,60608.43
465,Petra,Venner,9/7/1959,Web Developer II,Marketing,70094.08
466,Tomkin,Pittwood,1/31/1969,Internal Auditor,Marketing,
467,Joy,Cushe,12/30/1984,Registered Nurse,Marketing,50161.73
468,Stanly,Springtorpe,8/31/1971,Software Consultant,Finance,
469,Enid,Tirrell,3/7/1966,Occupational Therapist,IT,1229.15
470,Sloan,Wellstead,8/14/1993,Staff Scientist,IT,26489.27
471,Sibylle,Burel,6/30/1978,Assistant Media Planner,IT,57539.41
472,Langsdon,Strognell,4/23/1993,General Manager,HR,70990.84
473,Britta,Flinders,6/16/1970,Office Assistant IV,HR,67194.11
474,Larissa,Northidge,9/18/1965,Programmer III,HR,94249.86
475,Tybi,L'Episcopi,5/20/1955,Executive Secretary,Finance,19853.09
476,Gayle,Dundredge,4/1/1996,Systems Administrator IV,HR,61496.48
477,Danit,Shaughnessy,3/31/1969,Nurse,IT,
478,Sutton,Boken,5/7/1973,Executive Secretary,HR,5565.27
479,Gratiana,Wantling,6/1/1970,Data Coordinator,IT,
480,Arnaldo,Spira,8/30/1972,Assistant Media Planner,IT,51160.33
481,Berri,Brewitt,8/26/1978,VP Accounting,IT,94506.54
482,Kendall,MacGebenay,11/1/1980,VP Accounting,Marketing,27913.42
483,Gwendolin,Kipling,8/10/1991,Electrical Engineer,Finance,71131.0
484,Donny,Burles,2/19/1968,Environmental Tech,IT,18139.7
485,Appolonia,Attow,1/13/1998,Civil Engineer,Sales,86289.44
486,Donna,Rathborne,9/20/1969,Chemical Engineer,IT,2304.63
487,Milicent,Lancaster,8/21/1989,Accounting Assistant III,HR,83459.74
488,Ronnie,Putland,9/25/1981,Environmental Specialist,Sales,28907.69
489,Dahlia,Silver,4/20/1952,Quality Engineer,IT,99308.11
490,Emile,Rubinowitz,4/7/1986,Systems Administrator III,Finance,85247.76
491,Renelle,Kohen,3/3/1952,Research Nurse,IT,44294.89
492,Westbrook,Sabatini,4/7/1977,Recruiting Manager,HR,52911.76
493,Birgit,Trenear,3/9/1959,Assistant Manager,Finance,
494,Courtney,Paskins,5/8/1983,Nuclear Power Engineer,Marketing,23555.56
495,Caterina,Lewens,1/2/1991,Community Outreach Specialist,Marketing,5621.76
496,Orran,Juorio,3/3/1991,Sales Representative,Marketing,52337.62
497,Prudy,Heilds,5/25/1955,Statistician IV,HR,57677.47
498,Aubert,Schoales,1/11/1999,Account Executive,HR,55317.63
499,Drusilla,Masser,4/3/1967,Office Assistant I,IT,5153.78
500,Gayle,Simoneton,4/5/1957,Administrative Officer,IT,19686.96
501,Coop,Itscowics,9/10/1985,Mechanical Systems Engineer,Marketing,11390.3
502,Wenona,Jiracek,12/22/1950,Analog Circuit Design manager,Finance,51730.75
503,Karoline,Schulter,11/20/1991,Senior Financial Analyst,Marketing,10141.86
504,Harriette,O'Heyne,1/1/1960,Occupational Therapist,Finance,
505,Marline,Obert,12/23/1957,Database Administrator I,Finance,27796.94
506,Delmar,Etherington,7/30/1999,Project Manager,Marketing,75856.69
507,Gwyn,Hutley,8/31/1998,Software Test Engineer III,HR,78766.55
508,Barbaraanne,Leek,11/1/1978,Quality Engineer,Marketing,36998.53
509,Bethany,Brudenell,9/3/1995,Food Chemist,IT,11056.97
510,Timoteo,Horsefield,10/28/1999,Automation Specialist IV,Sales,33778.35
511,Brendan,Coppen,8/1/1962,Quality Engineer,Finance,
512,Iorgo,Pearmain,4/14/1986,Nurse Practicioner,Marketing,13696.86
513,Yardley,Filyushkin,5/19/1985,Help Desk Technician,Finance,60468.57
514,Brigitta,Tyrie,4/1/1978,Design Engineer,Marketing,
515,Lindsay,O' Donohue,11/1/1967,Research Associate,Finance,24512.82
516,Alf,Blakebrough,10/11/1972,Director of Sales,Finance,24617.26
517,Kile,Lates,6/5/1953,Database Administrator III,IT,83349.62
518,Leonanie,Grimestone,8/1/1983,Financial Analyst,Marketing,
519,Rodolphe,Praill,7/6/1959,Electrical Engineer,HR,92579.19
520,Eloise,Arnaud,6/29/1998,Sales Associate,IT,32660.97
521,Antonetta,Gawthrop,2/26/1977,Engineer III,HR,31583.92
522,Annadiana,Beresford,12/4/1973,VP Sales,Finance,26715.25
523,Rica,Crebott,6/13/1989,Registered Nurse,HR,74362.31
524,Danella,Isaacson,1/11/1952,Staff Accountant I,IT,32111.23
525,Andra,Hammerberger,3/5/1958,Help Desk Technician,Sales,90671.22
526,Jana,Baiden,7/22/1979,Human Resources Assistant III,IT,89413.73
527,Zia,Scourgie,3/26/1971,Desktop Support Technician,Finance,
528,Ardra,Sinyard,5/30/1973,Paralegal,Marketing,2111.12
529,Lyle,Pinson,2/6/1958,Desktop Support Technician,HR,44132.12
530,Odessa,Patillo,7/31/1982,Actuary,IT,12122.37
531,Joellen,Fraulo,5/22/1990,Graphic Designer,Sales,41162.63
532,Gae,Realy,6/14/1959,Clinical Specialist,HR,30820.66
533,Car,Peeters,8/7/1961,Actuary,Finance,98520.34
534,Joela,Leedes,10/25/1964,Nurse Practicioner,Sales,81168.67
535,Mignonne,Akenhead,3/18/1980,Physical Therapy Assistant,Marketing,5235.49
536,Gannon,Colegrove,7/19/1983,Sales Representative,Sales,83840.54
537,Giacinta,Burlingham,5/13/1994,Assistant Manager,Sales,27714.04
538,Marleen,Gehricke,5/13/1957,Web Designer III,HR,81009.13
539,Jodie,Doddridge,6/10/1983,Staff Scientist,IT,46781.32
540,Butch,De Francisci,10/30/1962,Mechanical Systems Engineer,HR,55307.41
541,Nerty,Downgate,6/22/1966,Director of Sales,Finance,60172.18
542,Roxanne,Macy,5/20/1962,Nuclear Power Engineer,IT,83560.98
543,Slade,Rollinshaw,10/8/1976,Geologist II,Marketing,62219.22
544,Licha,Widdows,7/16/1974,Financial Advisor,Marketing,51615.13
545,Galvan,Tunbridge,2/2/1957,Structural Engineer,IT,71263.75
546,Christin,Langridge,8/4/1959,Nuclear Power Engineer,Marketing,36978.8
547,Lucky,Borrel,2/25/1969,Help Desk Technician,IT,10153.39
548,Sherman,Reeder,8/23/1992,Design Engineer,Finance,5621.82
549,Arlee,Hintze,7/3/1993,Structural Analysis Engineer,HR,
550,Decca,Biskupek,4/8/1960,Human Resources Manager,Finance,24636.18
551,Jenna,Pulbrook,4/12/1983,Accountant I,IT,
552,Arney,Slipper,5/3/1959,Clinical Specialist,IT,16089.08
553,Sherie,Durtnell,12/10/1970,Registered Nurse,HR,25175.4
554,Dorree,Saintpierre,6/29/1983,Electrical Engineer,Sales,89417.65
555,Justus,Babar,8/26/1958,Mechanical Systems Engineer,IT,45401.4
556,Daniella,Mynett,8/26/1954,Media Manager I,Sales,50852.9
557,Flin,Owenson,12/15/1988,Electrical Engineer,HR,35231.49
558,Urbanus,Cardus,11/28/1998,Teacher,IT,13270.46
559,Haley,Stanmore,4/3/1991,Quality Control Specialist,Finance,23164.56
560,Ade,Starbeck,9/30/1965,Sales Associate,IT,14542.01
561,Antoni,Tweed,11/27/1971,Paralegal,Sales,28837.01
562,Rachael,Hoovart,10/3/1972,Research Assistant II,Sales,45486.94
563,Guthry,Jandera,10/20/1998,Environmental Specialist,Sales,4651.07
564,Willetta,Probey,2/5/1993,Tax Accountant,Marketing,25253.65
565,Brendin,Hexum,8/6/1958,Senior Developer,Sales,57232.37
566,Emilie,Geffinger,3/1/1978,VP Accounting,IT,49670.63
567,Dionne,Tuff,2/16/1962,VP Quality Control,Finance,60634.99
568,Pietrek,Chillcot,10/30/1990,Design Engineer,Finance,1911.02
569,Cristine,Silbermann,1/18/1964,Analyst Programmer,HR,76438.19
570,Aimil,Olyff,1/17/1990,Associate Professor,IT,93628.63
571,Hershel,Ferriman,2/10/1956,Pharmacist,HR,17807.77
572,Britt,Papez,10/1/1962,Staff Accountant III,Finance,27318.67
573,Goldarina,Filyakov,11/6/1987,Sales Associate,Sales,37065.83
574,Andree,Honisch,7/4/1983,Civil Engineer,Sales,95714.02
575,Margaretha,Bridywater,7/14/1957,Safety Technician II,Finance,65151.96
576,Seymour,Lapidus,4/7/1990,Structural Analysis Engineer,Sales,50103.86
577,Karry,Gander,9/15/1953,Budget/Accounting Analyst III,IT,22367.76
578,Filberte,Nicholas,9/12/1990,Operator,Finance,58347.96
579,Esme,Edser,1/31/1989,Environmental Tech,HR,50538.07
580,Abey,Ondrasek,6/15/1973,Food Chemist,Marketing,83147.59
581,Ingelbert,Rickarsey,2/1/1969,Sales Representative,Finance,28704.62
582,Georg,McMeanma,12/2/1959,Marketing Manager,Marketing,39384.22
583,Donelle,Shoobridge,12/31/1974,Associate Professor,Finance,
584,Holli,Blunsom,11/8/1960,GIS Technical Architect,IT,74413.82
585,Blakelee,Crips,1/21/1981,Quality Control Specialist,HR,
586,Port,Bleaden,4/6/1971,Registered Nurse,IT,23967.82
587,Koo,Scutter,2/20/1987,Teacher,HR,15119.67
588,Mona,McConnachie,1/14/1982,Assistant Professor,HR,
589,Dukey,Lonsdale,3/18/1996,Nuclear Power Engineer,Finance,83480.99
590,Imogene,Guierre,8/8/1986,Actuary,Sales,
591,Karlens,Shiels,2/2/1956,Community Outreach Specialist,Marketing,14627.25
592,Farlee,Mateu,8/25/1975,Environmental Tech,IT,64318.28
593,Libby,Antill,10/15/1952,Nuclear Power Engineer,Sales,60091.86
594,Denna,Cosslett,9/1/1998,Professor,Sales,96618.16
595,Konstantin,Degnen,11/24/1963,Software Consultant,HR,37640.79
596,Pen,Peterkin,2/19/1991,Professor,IT,97117.49
597,Calv,Gasparro,10/14/1997,Business Systems Development Analyst,Sales,
598,Hildegarde,Piers,7/31/1960,Editor,Sales,
599,Ruperta,Alywen,9/11/1981,Administrative Assistant III,IT,10635.72
600,Aryn,O'Shesnan,12/21/1970,Recruiting Manager,Finance,51297.82
601,Leticia,Welbourn,4/30/1985,Internal Auditor,HR,56204.23
602,Orbadiah,Whitehorne,12/15/1981,Physical Therapy Assistant,IT,91396.35
603,Ellis,Sherar,7/24/1983,Information Systems Manager,Marketing,81122.56
604,Jaye,Mealham,3/18/1987,Sales Associate,HR,2988.28
605,Syman,McClymond,3/10/1984,Teacher,Finance,3069.57
606,Buck,Baine,3/1/1989,Sales Associate,IT,38936.7
607,Carlota,Miles,4/18/1996,Research Nurse,IT,34815.18
608,Delainey,Doggerell,8/24/1995,VP Accounting,IT,20819.48
609,Powell,McLaren,6/6/1982,Senior Sales Associate,HR,67949.41
610,Elroy,Hillum,6/22/1977,Environmental Specialist,Finance,69863.68
611,Kahlil,Cooch,1/2/1985,VP Sales,Marketing,5383.27
612,Eldon,Piwell,7/9/1984,Data Coordinator,IT,21136.46
613,Carie,Sauniere,2/26/1963,Quality Engineer,IT,46420.88
614,Kinsley,Held,1/10/1970,Payment Adjustment Coordinator,HR,24046.05
615,Thomasina,Delhay,2/19/1986,Systems Administrator IV,IT,98604.0
616,Yorker,Thiolier,1/24/1982,Quality Control Specialist,IT,19812.82
617,Willdon,Iannazzi,6/19/1969,Staff Scientist,Finance,16588.65
618,Ivonne,Farahar,1/14/1982,Nuclear Power Engineer,Marketing,90625.19
619,Budd,Woodwind,5/17/1965,Web Developer I,HR,30369.11
620,Billi,Betteridge,3/23/1993,Paralegal,HR,27350.4
621,Chaunce,Housego,4/1/1976,Sales Representative,Marketing,99746.99
622,Mireille,Kuhn,2/2/1972,Internal Auditor,Sales,25198.07
623,Clarke,Grishunin,3/4/1961,Teacher,HR,2630.57
624,Bogart,Knappen,6/29/1992,Help Desk Operator,Sales,7558.46
625,Hugo,Dun,6/6/1986,Associate Professor,Marketing,8194.89
626,Wyatan,Dunaway,10/4/1977,Occupational Therapist,HR,
627,Bernie,Croshaw,1/27/1953,Compensation Analyst,IT,14645.3
628,Evan,Varlow,9/15/1951,Staff Accountant I,Sales,42631.66
629,Aubert,Igoe,10/12/1967,General Manager,Sales,97750.37
630,Parry,Harrill,2/17/1987,General Manager,IT,61861.86
631,Leonid,Mattiazzi,12/5/1981,Technical Writer,HR,4041.35
632,Franni,Domegan,6/30/1989,Tax Accountant,Marketing,13575.04
633,Franchot,Given,3/24/1951,Marketing Manager,IT,4689.82
634,Conant,Zouch,7/26/1971,Speech Pathologist,IT,12597.37
635,Hinze,Glanville,8/12/1962,Biostatistician II,Marketing,48876.76
636,Hale,Barkhouse,7/2/1981,Human Resources Assistant I,IT,40069.9
637,Valma,Palffrey,6/2/1954,Pharmacist,Finance,85714.67
638,Julietta,Blogg,12/5/1982,Safety Technician IV,HR,41914.62
639,Andrej,Proudler,6/18/1990,General Manager,Sales,87200.26
640,Ginelle,Frugier,1/24/1960,VP Sales,Sales,52607.39
641,Crissie,Spiers,3/27/1999,Budget/Accounting Analyst III,Sales,22901.29
642,Trent,Beden,3/12/1980,Product Engineer,IT,14286.51
643,Darb,Cannam,7/3/1970,Pharmacist,IT,79511.13
644,Monty,McIlroy,2/11/1953,Paralegal,Marketing,29975.53
645,Ber,Oldcote,4/6/1968,Developer III,Sales,61438.65
646,Dunc,Flieger,9/19/1982,Junior Executive,Finance,56038.16
647,Seline,Lorroway,12/29/1975,Office Assistant II,Marketing,70227.31
648,Deva,Starcks,12/5/1993,Accountant II,IT,85975.3
649,Brandea,Scotchford,10/4/1950,Desktop Support Technician,Marketing,
650,Terra,Dach,12/6/1955,Technical Writer,Sales,
651,Papageno,Delamere,8/14/1990,Senior Financial Analyst,HR,67417.79
652,Michel,Gibbens,3/16/1969,Editor,Finance,40709.92
653,Devina,Peascod,12/27/1965,Environmental Tech,Finance,89585.81
654,Keane,Greenmon,10/29/1962,Marketing Manager,Marketing,50952.94
655,Marigold,Pykett,11/20/1983,Occupational Therapist,Finance,90733.47
656,Casie,Laughlin,6/17/1990,Junior Executive,Sales,62607.38
657,Konrad,Couroy,12/2/1972,Geologist III,Finance,57412.42
658,Cesare,Mildenhall,10/3/1976,Engineer I,Finance,39413.26
659,Jenn,McManamon,5/23/1956,Budget/Accounting Analyst I,HR,94339.7
660,Laurene,Browell,2/27/1986,Media Manager I,HR,66975.49
661,Hatti,Ogles,8/5/1983,Senior Financial Analyst,Marketing,
662,Shalne,Shier,2/25/1986,Help Desk Technician,HR,27810.23
663,Wood,Sapauton,1/25/1962,Food Chemist,Finance,43916.89
664,Dayna,Pountain,6/23/1951,Senior Developer,Marketing,68211.37
665,Geraldine,Waberer,12/14/1998,Associate Professor,Sales,90784.65
666,Renate,Hanscomb,1/7/1976,Actuary,Marketing,25452.94
667,Garald,Juszczak,1/16/1950,Electrical Engineer,Marketing,20141.46
668,Dalis,Burgett,12/20/1986,Desktop Support Technician,Marketing,56619.62
669,Devin,Hatherill,11/30/1970,Registered Nurse,Marketing,
670,Addy,Finlayson,9/28/1954,Associate Professor,HR,53069.68
671,Nolan,Casiero,7/14/1964,Design Engineer,Marketing,92321.84
672,Brade,Quartermain,5/24/1984,Recruiter,IT,94009.43
673,Aldin,Ebanks,6/19/1970,Design Engineer,HR,32114.83
674,Kirstin,Steane,1/26/1961,Chief Design Engineer,HR,71972.67
675,Car,Olifard,8/31/1960,Nurse Practicioner,IT,87816.2
676,Rowen,Grene,2/23/1992,Recruiting Manager,Finance,3799.41
677,Berke,De Pietri,3/1/1997,Sales Associate,HR,14266.41
678,Tyson,Di Biasi,2/13/1980,Recruiting Manager,Marketing,79488.62
679,Rafaelita,Collyear,10/1/1980,VP Quality Control,HR,93921.02
680,Trisha,Winfindale,8/29/1967,Sales Representative,IT,29629.76
681,Aguste,Meiklejohn,11/20/1997,Associate Professor,IT,24735.38
682,Tana,Mallaby,9/30/1954,Quality Control Specialist,Sales,97911.25
683,Ole,Kahler,8/19/1982,Web Designer I,IT,
684,Carolynn,Vaux,1/20/1967,Nurse Practicioner,HR,33953.69
685,Hillery,Cruddace,11/9/1951,Sales Representative,Finance,
686,Myrah,Loines,10/10/1960,Business Systems Development Analyst,Finance,29654.45
687,Deni,Eyrl,4/23/1964,Research Nurse,Marketing,31994.76
688,Fallon,Frantzeni,5/11/1996,Financial Analyst,HR,80913.68
689,Dasi,Jex,9/19/1971,VP Accounting,Finance,73341.5
690,Flory,Ziehm,4/16/1956,Engineer IV,Finance,9483.71
691,Fayette,Wanell,11/19/1974,Senior Sales Associate,Sales,51433.07
692,Morey,Gelardi,11/7/1974,Food Chemist,Finance,8408.74
693,Llewellyn,Eardley,12/14/1999,General Manager,IT,49654.19
694,Nobie,Iacapucci,1/4/1991,Recruiter,IT,72147.25
695,Ingar,Durham,4/27/1970,Senior Developer,HR,29419.9
696,Donnajean,Drewett,12/30/1994,Accounting Assistant IV,Finance,71444.85
697,Pavlov,Willets,4/19/1995,Programmer IV,Marketing,
698,Kathryn,Richarson,2/15/1969,Software Consultant,Finance,3403.71
699,Patrizio,Farfalameev,9/27/1961,Actuary,IT,
700,Muire,Forestel,7/6/1967,Safety Technician I,Sales,12531.47
701,Uriel,Abelevitz,2/16/1956,Account Representative IV,Sales,78237.37
702,Darren,Ickeringill,1/13/1982,Senior Quality Engineer,Marketing,
703,Betsy,Kestle,4/30/1951,Senior Financial Analyst,IT,61639.53
704,Lauri,Lethlay,4/24/1976,Assistant Professor,HR,96047.26
705,Tobias,Cardoe,12/14/1989,Analog Circuit Design manager,Finance,98134.01
706,Barbara-anne,Shortan,8/24/1999,VP Product Management,IT,45640.76
707,Maxy,Redier,2/16/1975,Help Desk Technician,Sales,60351.02
708,Bibbie,Danielis,12/15/1995,Technical Writer,Marketing,93792.76
709,Ike,Rickson,10/12/1991,Nurse,Finance,
710,Carree,Dring,3/13/1984,Graphic Designer,IT,20175.16
711,Freeman,Polendine,11/9/1984,Assistant Media Planner,Sales,91847.09
712,Kylynn,Roblin,10/17/1963,Dental Hygienist,HR,
713,Mar,Valentin,8/27/1971,Cost Accountant,HR,16574.95
714,Emmy,Brum,5/2/1956,Computer Systems Analyst II,IT,1089.49
715,Sammy,Samuel,1/7/1988,Internal Auditor,Marketing,60102.64
716,Maxwell,Pilcher,6/26/1958,Physical Therapy Assistant,IT,64275.86
717,Angeli,Emmett,12/23/1994,VP Quality Control,IT,98354.38
718,Eadith,Rubinlicht,9/3/1992,Assistant Manager,Sales,77248.57
719,Brunhilda,Jacquest,4/15/1987,Computer Systems Analyst IV,HR,53973.43
720,Chrotoem,Speke,12/17/1957,Account Executive,Marketing,7428.33
721,Herb,Batey,1/15/1994,Speech Pathologist,Finance,8002.4
722,Arliene,Ropking,2/20/1972,Technical Writer,HR,82835.5
723,Derward,Feuell,4/16/1965,Nuclear Power Engineer,HR,11493.09
724,Ashia,Feek,8/24/1999,Account Executive,Sales,327.5
725,Moria,Paddemore,11/24/1973,Marketing Manager,Finance,56781.32
726,Wood,Sola,4/24/1985,Account Executive,Marketing,
727,Leanor,Bonnette,2/3/1964,Media Manager I,Finance,257.82
728,Layla,Apark,9/15/1953,Dental Hygienist,Marketing,
729,Hailee,Alcott,11/17/1983,Software Consultant,IT,23325.79
730,Palm,Hance,12/6/1966,VP Marketing,Sales,45463.27
731,Beauregard,Pullinger,10/25/1973,Database Administrator II,Finance,37777.75
732,Lucais,Di Giorgio,1/13/1992,Senior Cost Accountant,IT,97137.64
733,Carlina,Jory,11/20/1962,Web Designer III,HR,79063.11
734,Alberto,Fanthome,9/19/1984,Community Outreach Specialist,HR,79976.54
735,Robbin,Brockwell,6/13/1993,Senior Financial Analyst,Sales,3546.88
736,Shawn,Haresnape,12/30/1972,Senior Editor,Finance,89297.9
737,Reba,Earlam,9/4/1999,Web Designer IV,Sales,44324.01
738,Devlin,Phizackarley,9/9/1982,Administrative Assistant IV,Finance,392.06
739,Melinda,Bringloe,9/11/1968,Software Engineer III,IT,95717.48
740,Mommy,Longford,12/13/1988,Paralegal,Sales,59682.52
741,Dallon,MacVean,11/12/1997,Assistant Professor,IT,99789.39
742,Beulah,Pedgrift,7/1/1953,Engineer IV,HR,95417.02
743,Humfrey,Blampied,9/17/1990,Editor,Sales,216.96
744,Robbyn,Billam,5/2/1973,Social Worker,IT,85677.98
745,Keefer,Serfati,2/1/1987,VP Accounting,IT,97286.98
746,Lyell,Loiterton,1/20/1963,Account Representative I,Sales,73540.99
747,Krispin,Paulsson,1/3/1990,Administrative Officer,IT,
748,Ethelbert,Tolan,4/11/1954,Operator,Finance,25898.43
749,Gardiner,Kondratyuk,4/16/1971,Food Chemist,HR,
750,Baxy,Winwright,1/9/1984,Graphic Designer,HR,21302.55
751,Annabell,Arghent,10/25/1991,Automation Specialist IV,Marketing,22090.83
752,Bard,Flight,12/31/1956,Junior Executive,Marketing,43135.13
753,Bobbe,Schoffler,7/10/1995,Geological Engineer,Sales,58837.1
754,Christian,McOwan,5/9/1974,Design Engineer,Finance,3422.23
755,Talbert,Doding,5/4/1962,Teacher,Sales,466.79
756,Casey,Kenney,5/27/1974,Senior Quality Engineer,Finance,98915.62
757,Kissiah,De Carlo,8/24/1969,GIS Technical Architect,Finance,11987.58
758,Beniamino,Featherstone,8/13/1983,Compensation Analyst,Marketing,9145.14
759,Humberto,Charkham,3/6/1983,Tax Accountant,Sales,82415.11
760,Danie,Monteaux,9/27/1955,Web Designer III,HR,84580.38
761,Tilda,Parzis,1/9/1972,VP Quality Control,HR,73480.42
762,Meade,Laidlaw,1/25/1999,Payment Adjustment Coordinator,Finance,87767.74
763,Mata,Richardson,7/4/1999,Assistant Manager,Finance,60989.92
764,Meyer,Amsberger,3/17/1962,Accounting Assistant II,IT,31272.33
765,Tulley,Danilin,11/29/1968,Database Administrator I,Marketing,14930.33
766,Jerrie,Jeal,10/12/1974,Marketing Manager,Finance,83193.13
767,Josefina,Emptage,1/7/1950,VP Marketing,IT,36088.98
768,Dukie,Iseton,9/10/1977,Structural Analysis Engineer,Sales,52381.67
769,Lonnie,Vlasyuk,4/1/1962,Actuary,Finance,1273.39
770,Gwen,Haack,5/31/1974,Developer III,IT,
771,Vittoria,Jirka,3/10/1988,Computer Systems Analyst III,Marketing,
772,Godiva,Henrichs,10/17/1997,Research Assistant IV,Marketing,84308.78
773,Millicent,Manklow,5/29/1994,Physical Therapy Assistant,HR,85006.13
774,Adara,Veck,4/21/1990,Cost Accountant,HR,78698.4
775,Feodora,Skally,6/2/1980,Business Systems Development Analyst,Sales,15270.28
776,Halie,Defries,9/19/1958,Nurse,Sales,16986.71
777,Zeb,Riolfi,11/14/1977,Structural Engineer,HR,
778,Tiffy,Evenden,2/11/1993,Web Developer II,Finance,7891.82
779,Edward,Saice,8/25/1991,Environmental Specialist,IT,2815.94
780,Tait,Drought,9/3/1997,Teacher,IT,5587.92
781,Killy,Cutmore,9/16/1954,VP Sales,HR,
782,Ainslee,Smeeth,8/29/1967,Engineer III,HR,51833.01
783,Ric,Stabbins,8/29/1991,Administrative Assistant III,Sales,32786.95
784,Layla,Antonio,12/24/1967,Accounting Assistant I,IT,71078.8
785,Harriett,Cronin,1/16/1951,Operator,Sales,31187.53
786,Tildi,Inderwick,1/2/1971,Automation Specialist I,Finance,46571.8
787,Nissy,Delamaine,9/20/1984,Design Engineer,HR,44179.08
788,Derek,Pavlenko,7/4/1951,Operator,Finance,61479.75
789,Weylin,Jaxon,12/2/1955,Physical Therapy Assistant,Sales,52223.04
790,Modesta,Filinkov,5/15/1968,General Manager,HR,8578.34
791,Gradey,Dymick,10/30/1969,Product Engineer,HR,47638.4
792,Fania,Hortop,8/17/1961,Junior Executive,Finance,94435.68
793,Elbert,Knipe,12/28/1968,Human Resources Manager,Finance,78114.29
794,Dara,Bertelet,10/19/1963,Administrative Officer,Marketing,13438.21
795,Reggis,Meneer,1/20/1999,Software Engineer II,Sales,59703.91
796,Fanchon,Lalevee,7/14/1997,Operator,Sales,55089.71
797,Maddie,Lardier,1/25/1950,Programmer Analyst IV,Sales,70738.52
798,Mireille,Ruddoch,1/1/1956,Programmer III,Finance,93143.29
799,Marji,Ferrero,11/6/1972,Nuclear Power Engineer,Finance,73237.7
800,Celestina,Piatkow,10/20/1979,Geological Engineer,Finance,37309.59
801,Ronnica,Grahlmans,6/14/1984,Human Resources Manager,Marketing,97298.83
802,Cordula,Doore,5/8/1983,Technical Writer,Finance,45474.33
803,Gavrielle,Hurdidge,10/15/1984,Internal Auditor,Finance,
804,Nissy,Troake,6/25/1978,General Manager,Marketing,
805,Kellsie,Hamlington,2/1/1993,Marketing Assistant,Finance,43130.35
806,Pandora,Enga,2/15/1976,Marketing Manager,HR,48319.45
807,Mahalia,Robichon,6/4/1994,Financial Analyst,Finance,31458.05
808,Adolf,Posselow,9/3/1990,Registered Nurse,Marketing,51895.98
809,Magdalen,Cunliffe,4/24/1960,Help Desk Technician,Marketing,57663.68
810,Mitchael,Gallienne,5/24/1968,VP Product Management,Sales,52074.6
811,Morgun,Maynell,5/31/1990,Editor,Sales,56608.06
812,Lin,Secrett,1/25/1977,Paralegal,HR,17454.6
813,Kele,Margett,7/14/1958,Help Desk Operator,IT,18065.81
814,Katherine,Baugham,10/11/1982,Assistant Professor,Sales,52905.33
815,Darleen,Cursey,6/28/1955,Account Coordinator,Marketing,16542.89
816,Kaitlynn,Adie,5/24/1966,Web Designer II,Sales,74325.91
817,Lulu,Servant,10/25/1978,Quality Engineer,Finance,79959.64
818,Roland,Loude,12/25/1992,Media Manager II,Marketing,18076.41
819,Yurik,Beadman,11/29/1955,Social Worker,Sales,91939.25
820,Salomone,Muldoon,10/25/1978,Internal Auditor,Sales,85480.77
821,Othelia,Losebie,7/18/1952,Geologist III,Finance,36203.9
822,Dennet,Elston,1/24/1998,VP Sales,IT,83268.96
823,Tynan,Gregoratti,12/14/1956,Help Desk Operator,IT,71587.29
824,Ludovico,Beggio,11/25/1975,Research Associate,Finance,26344.19
825,Ava,Rehor,10/15/1981,Analog Circuit Design manager,IT,61093.29
826,Ivan,Coleman,4/30/1966,Assistant Media Planner,IT,53378.76
827,Astrid,Natwick,10/16/1988,Software Test Engineer I,IT,55399.83
828,Ricoriki,Breissan,1/27/1995,Staff Accountant I,Marketing,49569.97
829,Alford,Overlow,2/13/1998,Computer Systems Analyst II,Marketing,64003.21
830,Suellen,Vagges,3/16/1998,Engineer III,Finance,3102.02
831,Malynda,Canelas,10/12/1963,Human Resources Manager,IT,22030.31
832,Roosevelt,Vowell,10/16/1994,Software Engineer I,Finance,66529.37
833,Bear,Balhatchet,7/15/1973,Biostatistician II,IT,
834,Kinny,Fumagallo,12/8/1955,Programmer I,Sales,57704.9
835,Tani,Decent,2/25/1994,Health Coach I,Marketing,90575.21
836,Brucie,Lehrer,12/28/1960,Civil Engineer,IT,5604.61
837,Kippie,Ashbolt,3/6/1999,Nurse,HR,47526.7
838,Vanna,Lawtey,2/18/1959,Programmer Analyst III,Marketing,61898.95
839,Atalanta,Mearns,6/27/1967,Financial Advisor,IT,15443.31
840,Verge,Lewton,1/15/1983,Marketing Assistant,Marketing,88677.32
841,Aubree,Pien,7/26/1957,Chief Design Engineer,Finance,2523.32
842,Noemi,Coen,6/11/1993,Software Test Engineer IV,HR,35856.11
843,Carol-jean,Lehrmann,7/19/1976,Project Manager,Finance,72892.73
844,Dorie,Halbert,9/14/1991,Analog Circuit Design manager,IT,8031.76
845,Gussi,Kenford,12/31/1957,Actuary,IT,56019.08
846,Shannon,Baudon,12/15/1995,Desktop Support Technician,Sales,70411.39
847,Oby,Duguid,1/16/1995,Associate Professor,IT,13206.2
848,Amalea,Kassidy,3/8/1990,Junior Executive,Sales,42834.95
849,Nathan,Watmough,1/24/1955,Actuary,HR,1626.99
850,Sheeree,Bucher,12/28/1979,Electrical Engineer,IT,39438.88
851,Chrotoem,Snasel,9/26/1981,Software Engineer I,IT,84535.26
852,Winnah,Sandon,2/2/1956,Professor,IT,82239.1
853,Pryce,Marks,8/25/1957,Clinical Specialist,HR,54797.93
854,Arlen,Korejs,11/7/1963,Research Assistant II,Marketing,
855,Stavros,Tarbert,10/16/1973,Web Designer II,Sales,
856,Sven,Tonbye,6/29/1984,Senior Sales Associate,Marketing,3204.53
857,Christiane,Lonergan,1/5/1959,Pharmacist,Finance,92167.88
858,Bruis,Parkins,7/2/1993,Graphic Designer,HR,37864.95
859,Darwin,Robun,10/28/1973,Registered Nurse,Marketing,9698.92
860,Stanly,Stookes,6/3/1958,Accounting Assistant I,Finance,56055.0
861,Tomasine,Cradey,12/17/1982,Editor,Sales,64888.56
862,Nappy,Sprigin,12/27/1960,Executive Secretary,Sales,62999.72
863,Nicolas,Farries,11/3/1955,Help Desk Operator,HR,14822.34
864,Rachael,Heads,10/7/1961,Director of Sales,HR,55222.57
865,Amos,Patry,7/21/1987,Associate Professor,Finance,88685.41
866,Jereme,Giamuzzo,2/26/1972,Editor,Finance,14621.46
867,Phyllis,Swafield,6/27/1992,Geologist IV,Sales,612.0
868,Lisbeth,Oakland,12/7/1975,Staff Accountant IV,Finance,
869,Vida,Scad,1/2/1996,Developer I,HR,70796.29
870,Dwain,Eckart,11/18/1974,Software Engineer III,HR,77690.79
871,Joanna,Bosence,11/28/1993,Business Systems Development Analyst,Marketing,90313.46
872,Herminia,Morfell,7/19/1985,Human Resources Manager,IT,48221.81
873,Gwenneth,Jankovic,2/22/1966,Web Designer III,IT,28963.43
874,Clayborn,Voice,1/18/1968,General Manager,Finance,6547.27
875,Albert,Sambrook,7/27/1982,Chief Design Engineer,Marketing,75939.46
876,Esmeralda,Pawle,8/2/1991,Accounting Assistant III,Sales,9422.07
877,Cloe,Motton,9/24/1993,Electrical Engineer,IT,33479.38
878,Jeddy,Heffernon,3/2/1989,Environmental Specialist,Finance,20227.59
879,Gretchen,Brodley,5/20/1971,Legal Assistant,HR,21886.54
880,Winnifred,Wildash,5/25/1987,Product Engineer,HR,80981.86
881,Norma,Brickner,5/1/1974,Developer I,HR,96524.83
882,Kimmie,Adie,3/15/1962,VP Product Management,Sales,73086.14
883,Darlene,Parsonson,1/4/1968,Clinical Specialist,Sales,11926.87
884,Byran,Burkett,2/18/1968,Sales Associate,HR,86278.79
885,Edik,Ruger,7/31/1965,Clinical Specialist,Finance,65345.84
886,Cicily,Leftridge,1/7/1951,Electrical Engineer,IT,13919.39
887,Evey,Mangion,11/17/1975,Desktop Support Technician,Marketing,61235.42
888,Lillis,Janaszkiewicz,11/6/1984,Programmer II,Finance,20879.62
889,Teddy,Sporner,6/30/1957,GIS Technical Architect,IT,53216.01
890,Rubina,Coppock.,11/12/1999,Programmer IV,IT,
891,Eolanda,Solley,9/3/1983,Developer III,IT,53576.56
892,Marget,Lodo,11/25/1970,Food Chemist,Sales,26083.47
893,Scarlett,Creeghan,6/28/1960,Web Designer I,Marketing,31103.15
894,Delila,Levesley,7/16/1987,Civil Engineer,Sales,85848.76
895,Koral,Craze,7/15/1970,Senior Developer,Sales,33862.07
896,Cathy,Thew,3/16/1992,Sales Representative,Sales,58890.25
897,Rodie,Gifkins,2/5/1990,Office Assistant II,Sales,37180.64
898,Otho,Tomasutti,7/25/1975,Account Executive,HR,59823.33
899,Nancey,Allibone,1/21/1962,Account Representative III,Marketing,22970.73
900,Blythe,Gerber,9/1/1963,Biostatistician II,Marketing,26209.95
901,Markos,Polle,12/20/1990,Professor,HR,77468.0
902,Traver,Coling,9/30/1986,VP Product Management,IT,
903,Murielle,Asquith,8/31/1957,Staff Accountant III,Marketing,86793.9
904,Cirilo,Guntrip,3/14/1994,Internal Auditor,HR,31763.69
905,Rutherford,Ciric,2/6/1986,Occupational Therapist,IT,87881.63
906,Vince,Diess,9/11/1957,Associate Professor,Sales,29711.54
907,Dianemarie,Felton,2/7/1975,Budget/Accounting Analyst III,Finance,70097.62
908,Marrilee,Avrashin,7/21/1995,Senior Developer,Sales,2331.07
909,Boony,Maps,6/16/1982,Senior Editor,Sales,57705.56
910,Barthel,Lewis,7/23/1957,Accounting Assistant IV,HR,
911,Petronille,Dungee,1/18/1966,Dental Hygienist,Marketing,7414.43
912,Waly,Krysztofowicz,8/23/1956,Marketing Assistant,Sales,51463.5
913,Tabbitha,Northridge,10/25/1989,Assistant Manager,Marketing,84628.63
914,Cathy,Fant,11/4/1970,Tax Accountant,Sales,65502.47
915,Teodoor,Snelgrove,12/16/1953,Chief Design Engineer,Sales,23607.82
916,Yancy,Molineux,10/6/1997,VP Marketing,Finance,96005.72
917,Reamonn,Hirsch,12/12/1980,Software Test Engineer I,HR,74903.55
918,Ernesta,Mosen,7/10/1954,Pharmacist,HR,35577.58
919,Herschel,Bram,7/27/1988,Financial Analyst,Finance,36837.18
920,Ada,Anscombe,8/31/1961,Accountant I,Marketing,30524.69
921,Cele,Andreassen,6/2/1952,Desktop Support Technician,Finance,91021.41
922,Roana,Manssuer,11/15/1989,Data Coordinator,IT,94558.75
923,Vassili,MacDavitt,12/10/1957,Nurse,Marketing,9498.45
924,Gladys,Bernardinelli,5/10/1970,Database Administrator II,Marketing,38625.55
925,Audy,Tallach,12/5/1961,Engineer III,IT,34417.28
926,Judah,Ilden,12/6/1987,Account Representative IV,IT,11579.31
927,Jerad,Broadberry,5/24/1962,Analog Circuit Design manager,HR,47763.3
928,Arron,Zamora,4/2/1981,Research Associate,Marketing,75472.0
929,Charleen,Grigoli,7/4/1956,Human Resources Manager,HR,31468.0
930,Marsh,Hatherleigh,3/17/1986,Human Resources Manager,IT,82325.2
931,Skipton,Bartol,2/26/1991,Community Outreach Specialist,Finance,73608.65
932,Chauncey,Krishtopaittis,11/20/1954,Tax Accountant,HR,58270.7
933,Patrice,McGloughlin,5/5/1993,Automation Specialist II,Sales,78128.76
934,Ermina,Boerder,1/4/1968,Assistant Professor,HR,71636.53
935,Welby,Brockherst,9/1/1962,Graphic Designer,Finance,82882.88
936,Angele,Onraet,11/8/1977,Project Manager,Marketing,1936.2
937,Harold,Methingam,12/5/1987,Research Nurse,Marketing,80141.48
938,Danny,Brabant,6/16/1957,Account Coordinator,HR,85170.76
939,Sheelah,Fishley,11/24/1975,Geologist I,Marketing,25506.54
940,Monica,Leijs,8/30/1982,Programmer II,Finance,90551.74
941,Steffen,Esp,3/7/1957,Librarian,Finance,77219.2
942,Lynnea,Goudard,6/21/1955,Assistant Media Planner,HR,13286.89
943,Arabelle,Feron,7/7/1999,Desktop Support Technician,IT,81305.93
944,Lyell,Ramiro,9/17/1972,Developer I,Sales,58580.2
945,Mel,Alliband,3/23/1962,Biostatistician II,HR,90750.82
946,Selia,Balston,12/23/1978,Speech Pathologist,HR,99473.17
947,Chick,Dioniso,1/19/1994,Marketing Assistant,HR,54551.75
948,Forrest,Slogrove,8/5/1970,Senior Editor,Sales,9188.15
949,Alistair,Feather,11/13/1999,Physical Therapy Assistant,IT,40978.19
950,Benni,Bellerby,8/7/1966,Speech Pathologist,Sales,59779.52
951,Molly,McGraffin,9/8/1962,Assistant Professor,IT,87752.23
952,Dilan,Tidcombe,2/20/1982,Research Nurse,IT,17219.33
953,Dannie,Brimacombe,2/18/1980,Marketing Assistant,Finance,1997.79
954,Billy,O'Suaird,3/23/1966,Research Associate,Marketing,31111.59
955,Worth,Gurton,12/27/1964,Help Desk Operator,Marketing,25401.19
956,Koenraad,Maultby,8/13/1954,Nurse,Finance,37776.43
957,Kathleen,Laughlan,6/16/1951,VP Sales,IT,35522.99
958,Park,Gallehock,6/18/1976,Account Executive,Sales,38884.19
959,Henka,Camacke,7/9/1976,Compensation Analyst,Sales,27536.54
960,Ogden,Beden,9/28/1953,Database Administrator II,Marketing,58235.68
961,Sim,Lansdowne,7/24/1953,Executive Secretary,IT,2661.34
962,Tersina,Portchmouth,9/3/1950,Research Nurse,Sales,43178.52
963,Rena,Kerley,1/29/1968,Sales Associate,Sales,46616.65
964,Nathanial,Streets,1/17/1957,Legal Assistant,Sales,44516.73
965,Con,Lantaff,9/4/1966,Actuary,IT,11607.38
966,Diane-marie,Dolligon,11/6/1968,Editor,Marketing,68667.1
967,Angelita,Buzin,12/1/1985,Professor,HR,63311.57
968,Nikki,Freebury,3/22/1969,Research Nurse,Finance,20701.34
969,Harald,Hindrich,8/2/1997,Structural Engineer,HR,6120.68
970,Dermot,di Rocca,11/27/1954,Software Consultant,IT,12776.07
971,Pippa,Houdhury,1/24/1970,Internal Auditor,Sales,53545.75
972,Mabelle,Brokenshire,5/11/1978,Product Engineer,IT,67894.33
973,Nady,Massei,4/17/1984,Senior Quality Engineer,Marketing,8618.08
974,Wood,Poynor,9/1/1950,Marketing Assistant,Sales,97587.46
975,Laurene,Terrey,3/1/1990,Electrical Engineer,Marketing,31666.01
976,Tedi,Cockton,11/27/1985,VP Sales,Marketing,80926.43
977,Cori,Moston,11/10/1962,VP Product Management,IT,85502.13
978,Dominik,Marian,8/7/1962,Assistant Media Planner,Finance,77270.24
979,Homer,Brauninger,7/20/1973,Chemical Engineer,Finance,66192.6
980,Ivan,Youings,9/27/1967,Physical Therapy Assistant,HR,66109.69
981,Eba,Pybworth,12/9/1998,Health Coach II,IT,10425.92
982,Missy,Gregori,9/1/1981,Professor,IT,2835.4
983,Car,Hanaford,2/2/1982,Research Assistant IV,IT,89752.98
984,Mervin,Draper,6/2/1979,Librarian,Marketing,60692.56
985,Marika,Rikard,7/2/1961,Information Systems Manager,IT,25472.93
986,Beau,Chalk,6/11/1953,Programmer III,Finance,
987,Waylon,Finders,6/6/1976,Senior Quality Engineer,Finance,15471.11
988,Cos,Krollman,8/2/1982,Quality Engineer,Sales,6749.28
989,Carma,Franzelini,7/5/1954,Budget/Accounting Analyst IV,Sales,44347.03
990,Nikki,Pymar,8/13/1953,Senior Financial Analyst,Sales,6798.59
991,Jan,Heaffey,9/18/1997,Registered Nurse,HR,18144.25
992,Dorita,Noteyoung,10/16/1998,Chief Design Engineer,IT,72056.11
993,Dorthea,Chetwind,12/7/1952,VP Marketing,Marketing,83970.71
994,Harry,Jaycock,12/21/1962,Web Designer IV,Marketing,57486.34
995,Alfie,Cootes,7/13/1960,Administrative Officer,HR,47143.39
996,Lisbeth,Healey,5/5/1951,Senior Quality Engineer,Finance,28191.96
997,Gwenneth,Herity,1/27/1992,Professor,IT,39154.59
998,Reggis,Innott,10/21/1964,Marketing Manager,Sales,14151.29
999,Kelci,Filippo,10/27/1954,Compensation Analyst,Marketing,
1000,Kim,Marunchak,6/29/1963,VP Quality Control,Marketing,49134.78
